etax_id	invoice_name	invoice_origin	deposit	amount_untaxed	sent_tax_basis	should_tax_basis
13777	IV260600002	SO-26060007	1500	1500.00	0.00	1500.00
13778	IV260600003	SO-26060009	1495.33	1495.33	0.00	1495.33
13781	IV260600004	SO-26060008	1300.93	1300.93	0.00	1300.93
13782	IV260600005	SO-26060006	390.65	390.65	0.00	390.65
13784	IV260600007	SO-26050619	306.53999999999996	306.54	0.00	306.54
13787	IV260600008	SO-26060046	25023	25023.00	0.00	25023.00
13789	IV260600010	SO-0237975	50967.5	50967.50	0.00	50967.50
13790	IV260600011	SO-26060001	1786.92	1786.92	0.00	1786.92
13791	IV260600012	SO-26050627	45.8	886.92	841.12	886.92
13792	IV260600013	SO-26050639	1289.72	1289.72	0.00	1289.72
13793	IV260600014	SO-26050636	1188.79	1188.79	0.00	1188.79
13795	IV260600016	SO-26050615	738.32	738.32	0.00	738.32
13796	IV260600017	SO-26050626	738.32	738.32	0.00	738.32
13797	IV260600018	SO-26050629	1769.16	1769.16	0.00	1769.16
13798	IV260600019	SO-26060053	971.03	971.03	0.00	971.03
13799	IV260600020	SO-26060002	738.32	738.32	0.00	738.32
13800	IV260600021	SO-26060042	13591	13591.00	0.00	13591.00
13801	IV260600022	SO-26060054	1434.5800000000002	1434.58	0.00	1434.58
13802	IV260600023	SO-26060026	17541.58	17541.58	0.00	17541.58
13803	IV260600024	SO-26060025	2502.05	2502.05	0.00	2502.05
13804	IV260600025	SO-26060022	14631.560000000001	14631.56	0.00	14631.56
13805	IV260600026	SO-26060020	37449.24	37449.24	0.00	37449.24
13806	IV260600027	SO-26060019	17976.7	17976.70	0.00	17976.70
13807	IV260600028	SO-26060017	4072.64	4072.64	0.00	4072.64
13808	IV260600029	SO-26060016	4011.44	4011.44	0.00	4011.44
13809	IV260600030	SO-26060015	24435.84	24435.84	0.00	24435.84
13810	IV260600031	SO-26060014	3222.78	3222.78	0.00	3222.78
13811	IV260600032	SO-26060013	1060.65	1060.65	0.00	1060.65
13812	IV260600033	SO-26060011	2032.92	2032.92	0.00	2032.92
13813	IV260600034	SO-26060041	1556.99	1556.99	0.00	1556.99
13814	IV260600035	SO-26060051	6785.48	6785.48	0.00	6785.48
13815	IV260600036	SO-26060040	1556.99	1556.99	0.00	1556.99
13816	IV260600037	SO-26060032	1098.13	1098.13	0.00	1098.13
13817	IV260600038	SO-26060033	3023.36	3023.36	0.00	3023.36
13818	IV260600039	SO-26060012	1056.08	1056.08	0.00	1056.08
13819	IV260600040	SO-26060029	841.12	841.12	0.00	841.12
13820	IV260600041	SO-26050628	1322.43	1322.43	0.00	1322.43
13821	IV260600042	SO-26050634	2612.14	2612.14	0.00	2612.14
13822	IV260600043	SO-26050638	559.81	559.81	0.00	559.81
13823	IV260600044	SO-26050637	1868.22	1868.22	0.00	1868.22
13824	IV260600045	SO-26060004	8079.4400000000005	8079.44	0.00	8079.44
13825	IV260600046	SO-26050631	7000	7000.00	0.00	7000.00
13826	IV260600047	SO-26060048	531.78	531.78	0.00	531.78
13827	IV260600048	SO-26060050	1434.5800000000002	1434.58	0.00	1434.58
13828	IV260600049	SO-26060018	1859.8100000000002	1859.81	0.00	1859.81
13829	IV260600050	SO-26060047	971.03	971.03	0.00	971.03
13830	IV260600051	SO-26060049	327.09999999999997	327.10	0.00	327.10
13831	IV260600052	SO-26060030	233.64999999999998	233.65	0.00	233.65
13833	IV260600054	SO-26060043	12989.1	12989.10	0.00	12989.10
13834	IV260600055	SO-26060068	957.94	957.94	0.00	957.94
13836	IV260600057	SO-26060069	598.13	598.13	0.00	598.13
13837	IV260600058	SO-26060064	2560.75	2560.75	0.00	2560.75
13838	IV260600059	SO-26060061	466.36	466.36	0.00	466.36
13839	IV260600060	SO-26060063	1859.81	1859.81	0.00	1859.81
13842	IV260600063	SO-26060031	32841.5	32841.50	0.00	32841.50
13843	IV260600064	SO-26060067	63300	63300.00	0.00	63300.00
13845	IV260600066	SO-26060035	8116.82	8116.82	0.00	8116.82
13846	IV260600067	SO-26060044	1712.15	1712.15	0.00	1712.15
13856	IV260600070	SO-26060074	467.29	467.29	0.00	467.29
13857	IV260600071	SO-0240563	14155	14155.00	0.00	14155.00
13920	IV260600072	SO-26060114	11295.5	11295.50	0.00	11295.50
13978	IV260600073	SO-26060060	2393.28	2393.28	0.00	2393.28
13979	IV260600074	SO-26060058	1013.06	1013.06	0.00	1013.06
13980	IV260600075	SO-26060057	3929.86	3929.86	0.00	3929.86
13981	IV260600076	SO-26060055	1196.64	1196.64	0.00	1196.64
13982	IV260600077	SO-26060124	522.73	522.73	0.00	522.73
13984	IV260600079	SO-26060130	1588.79	1588.79	0.00	1588.79
13985	IV260600080	SO-26060133	4112.15	4112.15	0.00	4112.15
13986	IV260600081	SO-26060131	999.0699999999999	999.07	0.00	999.07
13988	IV260600083	SO-26060065	3995.33	3995.33	0.00	3995.33
13992	IV260600087	SO-26060097	3205.6	3205.60	0.00	3205.60
13993	IV260600088	SO-26060129	1015.89	1015.89	0.00	1015.89
13994	IV260600089	SO-26060127	914.9499999999999	914.95	0.00	914.95
13995	IV260600090	SO-26060126	559.81	559.81	0.00	559.81
13996	IV260600091	SO-26060125	3242.9900000000002	3242.99	0.00	3242.99
13997	IV260600092	SO-26060117	1588.78	1588.78	0.00	1588.78
13999	IV260600094	SO-26060107	35588.79	35588.79	0.00	35588.79
14000	IV260600095	SO-26060120	1738.32	1738.32	0.00	1738.32
14001	IV260600096	SO-26060123	121.5	121.50	0.00	121.50
14002	IV260600097	SO-26060100	299.07	299.07	0.00	299.07
14003	IV260600098	SO-26060101	2406.54	2406.54	0.00	2406.54
14004	IV260600099	SO-26050625	4757.01	4757.01	0.00	4757.01
14005	IV260600100	SO-26060085	738.32	738.32	0.00	738.32
14006	IV260600101	SO-26060087	45.8	231.78	185.98	231.78
14007	IV260600102	SO-26060083	1205.6100000000001	1205.61	0.00	1205.61
14008	IV260600103	SO-26060086	7079.4400000000005	7079.44	0.00	7079.44
14009	IV260600104	SO-26060088	597.1999999999999	597.20	0.00	597.20
14010	IV260600105	SO-26060102	1206.54	1206.54	0.00	1206.54
14179	IV260600107	SO-26060104	44050.33	44050.33	0.00	44050.33
14181	IV260600108	SO-26060098	44050.33	44050.33	0.00	44050.33
14183	IV260600109	SO-26060082	29172.56	29172.56	0.00	29172.56
14184	IV260600110	SO-26060003	44456.86	44456.86	0.00	44456.86
14187	IV260600111	SO-0238092	18137.2	18137.20	0.00	18137.20
14188	IV260600112	SO-26060076	24473.3	24473.30	0.00	24473.30
14206	IV260600113	SO-26060150	1233.64	1233.64	0.00	1233.64
14207	IV260600114	SO-26060119	20261.2	20261.20	0.00	20261.20
14208	IV260600115	SO-26060121	2311.68	2311.68	0.00	2311.68
14209	IV260600116	SO-26060147	3732.69	3732.69	0.00	3732.69
14210	IV260600117	SO-26060148	26448.36	26448.36	0.00	26448.36
14211	IV260600118	SO-26060151	98491.25	98491.25	0.00	98491.25
14212	IV260600119	SO-26060149	5425.66	5425.66	0.00	5425.66
14213	IV260600120	SO-26060111	1896.94	1896.94	0.00	1896.94
14214	IV260600121	SO-26060062	4276.6	4276.60	0.00	4276.60
14215	IV260600122	SO-26060110	673.1	673.10	0.00	673.10
14216	IV260600123	SO-0239929	9850	9850.00	0.00	9850.00
14218	IV260600125	SO-26060176	510	510.00	0.00	510.00
14220	IV260600127	SO-26060159	63903	63903.00	0.00	63903.00
14221	IV260600128	SO-26060108	3710.2799999999997	3710.28	0.00	3710.28
14222	IV260600129	SO-26060174	738.32	738.32	0.00	738.32
14223	IV260600130	SO-26060153	738.32	738.32	0.00	738.32
14224	IV260600131	SO-26060089	1140.19	1140.19	0.00	1140.19
14225	IV260600132	SO-26060103	4943.93	4943.93	0.00	4943.93
14226	IV260600133	SO-26060096	3644.87	3644.87	0.00	3644.87
14227	IV260600134	SO-26060139	7588.79	7588.79	0.00	7588.79
14228	IV260600135	SO-26060140	738.32	738.32	0.00	738.32
14229	IV260600136	SO-26060145	738.32	738.32	0.00	738.32
14230	IV260600137	SO-26060141	1616.82	1616.82	0.00	1616.82
14231	IV260600138	SO-26060152	1750.47	1750.47	0.00	1750.47
14232	IV260600139	SO-26060142	2584.1	2584.10	0.00	2584.10
14233	IV260600140	SO-26060143	1350.47	1350.47	0.00	1350.47
14234	IV260600141	SO-26060027	4684.56	4684.56	0.00	4684.56
14235	IV260600142	SO-26060109	8121.5	8121.50	0.00	8121.50
14236	IV260600143	SO-26060079	1467.29	1467.29	0.00	1467.29
14237	IV260600144	SO-26060105	738.32	738.32	0.00	738.32
14238	IV260600145	SO-26060132	7607.48	7607.48	0.00	7607.48
14239	IV260600146	SO-26060146	5677.57	5677.57	0.00	5677.57
14240	IV260600147	SO-26060118	8121.5	8121.50	0.00	8121.50
14241	IV260600148	SO-26060198	981.31	981.31	0.00	981.31
14243	IV260600150	SO-26060195	2523.3599999999997	2523.36	0.00	2523.36
14244	IV260600151	SO-26060182	733.6500000000001	733.65	0.00	733.65
14245	IV260600152	SO-26060197	420.57	420.57	0.00	420.57
14246	IV260600153	SO-26060177	1588.79	1588.79	0.00	1588.79
14248	IV260600155	SO-26060178	4644.86	4644.86	0.00	4644.86
14249	IV260600156	SO-26060186	1471.97	1471.97	0.00	1471.97
14251	IV260600158	SO-26060180	1766.3600000000001	1766.36	0.00	1766.36
14252	IV260600159	SO-26060156	738.32	738.32	0.00	738.32
14253	IV260600160	SO-26060144	45.79	222.43	176.64	222.43
14290	IV260600161	SO-26060230	306.53999999999996	306.54	0.00	306.54
14293	IV260600162	SO-26060275	3009.35	3009.35	0.00	3009.35
14294	IV260600163	SO-0239612	115995	115995.00	0.00	115995.00
14295	IV260600164	SO-0228501	6710.28	6710.28	0.00	6710.28
14296	IV260600165	SO-26060243	1989.41	1989.41	0.00	1989.41
14297	IV260600166	SO-26060246	7469.16	7469.16	0.00	7469.16
14298	IV260600167	SO-26060158	3392.73	3392.73	0.00	3392.73
14299	IV260600168	SO-26060189	10260	10260.00	0.00	10260.00
14300	IV260600169	SO-26060229	1317.7600000000002	1317.76	0.00	1317.76
14301	IV260600170	SO-26060154	8453.27	8453.27	0.00	8453.27
14302	IV260600171	SO-26060155	738.32	738.32	0.00	738.32
14303	IV260600172	SO-26060203	16224.32	16224.32	0.00	16224.32
14304	IV260600173	SO-26060235	5578.5	5578.50	0.00	5578.50
14305	IV260600174	SO-26060232	2421.5	2421.50	0.00	2421.50
14306	IV260600175	SO-26060226	1514.02	1514.02	0.00	1514.02
14307	IV260600176	SO-26060221	18570.09	18570.09	0.00	18570.09
14308	IV260600177	SO-26060273	920	920.00	0.00	920.00
14309	IV260600178	SO-26060024	1995	1995.00	0.00	1995.00
14310	IV260600179	SO-26060204	18240	18240.00	0.00	18240.00
14311	IV260600180	SO-26060261	738.32	738.32	0.00	738.32
14312	IV260600181	SO-26060257	1015.89	1015.89	0.00	1015.89
14313	IV260600182	SO-0240732	14725	14725.00	0.00	14725.00
14314	IV260600183	SO-26060239	738.32	738.32	0.00	738.32
14315	IV260600184	SO-26060242	7588.79	7588.79	0.00	7588.79
14316	IV260600185	SO-26060253	4045.7999999999997	4045.80	0.00	4045.80
14317	IV260600186	SO-26060260	738.32	738.32	0.00	738.32
14318	IV260600187	SO-26060262	738.32	738.32	0.00	738.32
14320	IV260600188	SO-26060254	738.32	738.32	0.00	738.32
14321	IV260600189	SO-26060252	2588.79	2588.79	0.00	2588.79
14322	IV260600190	SO-26060202	1682.24	1682.24	0.00	1682.24
14323	IV260600191	SO-26060248	363.55	363.55	0.00	363.55
14324	IV260600192	SO-26060259	1170.09	1170.09	0.00	1170.09
14325	IV260600193	SO-26060223	644.86	644.86	0.00	644.86
14326	IV260600194	SO-26060269	3028.04	3028.04	0.00	3028.04
14327	IV260600195	SO-26060268	738.32	738.32	0.00	738.32
14328	IV260600196	SO-26060267	738.32	738.32	0.00	738.32
14329	IV260600197	SO-26060245	8610.28	8610.28	0.00	8610.28
14330	IV260600198	SO-26060263	447.66	447.66	0.00	447.66
14331	IV260600199	BSO-0001550	3000	3000.00	0.00	3000.00
14334	IV260600201	SO-26060228	1862	1862.00	0.00	1862.00
14335	IV260600202	SO-26060276	3756.0800000000004	3756.08	0.00	3756.08
14336	IV260600203	SO-26060285	1588.79	1588.79	0.00	1588.79
14337	IV260600204	SO-26060280	3261.6899999999996	3261.69	0.00	3261.69
14338	IV260600205	SO-26060288	733.6500000000001	733.65	0.00	733.65
14341	IV260600206	SO-26060278	8781.74	8781.74	0.00	8781.74
14342	IV260600207	SO-26060183	1682.2399999999998	1682.24	0.00	1682.24
14345	IV260600200	SO-26060181	9685.6	9685.60	0.00	9685.60
14348	IV260600208	SO-26060179	19960	19960.00	0.00	19960.00
14349	IV260600063	SO-26060031	32841.5	32841.50	0.00	32841.50
14350	IV260600001	SO-26050630	738.32	738.32	0.00	738.32
14351	IV260600007	SO-26050619	306.53999999999996	306.54	0.00	306.54
14352	IV260600070	SO-26060074	467.29	467.29	0.00	467.29
14393	IV260600209	SO-26060231	4072.64	4072.64	0.00	4072.64
14394	IV260600210	SO-26060234	3249.96	3249.96	0.00	3249.96
14395	IV260600211	SO-26060264	3732.69	3732.69	0.00	3732.69
14397	IV260600212	SO-26060240	23687.94	23687.94	0.00	23687.94
14398	IV260600213	SO-26060317	1611.39	1611.39	0.00	1611.39
14399	IV260600214	SO-26060316	809.09	809.09	0.00	809.09
14401	IV260600215	SO-26060306	12243	12243.00	0.00	12243.00
14402	IV260600216	SO-26060301	1057.94	1057.94	0.00	1057.94
14403	IV260600217	SO-26060305	2205.6	2205.60	0.00	2205.60
14404	IV260600218	SO-26060303	598.13	598.13	0.00	598.13
14406	IV260600219	SO-26060304	1803.74	1803.74	0.00	1803.74
14407	CN2606001	SO-0206851	10280.38	10280.38	0.00	10280.38
14409	IV260600220	SO-26060250	12242.99	12242.99	0.00	12242.99
14410	IV260600221	SO-26060302	3196.27	3196.27	0.00	3196.27
14411	IV260600222	SO-26060128	25822.43	29373.83	3551.40	29373.83
14412	IV260600223	SO-26060271	1018.69	1018.69	0.00	1018.69
14413	IV260600224	SO-26060274	3056.08	3056.08	0.00	3056.08
14414	IV260600225	SO-26060323	897.2	897.20	0.00	897.20
14415	IV260600226	SO-26060320	2271.03	2271.03	0.00	2271.03
14416	IV260600227	SO-26060284	5116.82	5116.82	0.00	5116.82
14418	IV260600228	SO-26060225	1205.6100000000001	1391.59	185.98	1391.59
14419	IV260600229	SO-26060222	1189.6000000000001	1372.90	183.30	1372.90
14420	IV260600230	SO-26060300	738.32	738.32	0.00	738.32
14421	IV260600231	SO-26060299	738.32	738.32	0.00	738.32
14422	IV260600232	SO-26060308	738.32	738.32	0.00	738.32
14444	IV260600233	SO-26060350	6527.1	6527.10	0.00	6527.10
14446	IV260600234	SO-26060312	38349.5	38349.50	0.00	38349.50
14447	IV260600235	SO-26060286	38304	38304.00	0.00	38304.00
14448	IV260600236	SO-26060349	1131	1131.00	0.00	1131.00
14449	IV260600237	SO-26060334	2137.5	2137.50	0.00	2137.50
14450	IV260600238	SO-26060343	1850.48	1850.48	0.00	1850.48
14451	IV260600239	SO-26060339	878.5	878.50	0.00	878.50
14453	IV260600241	SO-26060340	1859.81	1859.81	0.00	1859.81
14455	IV260600243	SO-26060335	420.56	420.56	0.00	420.56
14456	IV260600244	SO-26060194	10000	10000.00	0.00	10000.00
14457	IV260600245	SO-26060330	3514.02	3514.02	0.00	3514.02
14458	IV260600246	SO-26060192	7742.5	7742.50	0.00	7742.50
14460	IV260600247	SO-26060136	18420.5	18420.50	0.00	18420.50
14463	IV260600248	SO-26060361	13510	13510.00	0.00	13510.00
14464	IV260600249	SO-26060359	4220	4220.00	0.00	4220.00
14465	IV260600250	SO-26060191	4275	4275.00	0.00	4275.00
14466	IV260600251	SO-26060175	43358	43358.00	0.00	43358.00
14580	IV260500110	IV-2605656	2289.72	2289.72	0.00	2289.72
14600	IV260600253	SO-26060135	26230	52990.00	26760.00	52990.00
14601	IV260600254	SO-26060291	1397.8000000000002	1397.80	0.00	1397.80
14603	IV260600255	SO-26060341	11827.5	11827.50	0.00	11827.50
14605	IV260600256	SO-26060356	5320	5320.00	0.00	5320.00
14607	IV260600257	SO-26060354	4220	4220.00	0.00	4220.00
14608	IV260600258	SO-26060358	4220	4220.00	0.00	4220.00
14609	IV260600259	SO-26060346	1121.5	1121.50	0.00	1121.50
14610	IV260600260	SO-26060363	957.94	957.94	0.00	957.94
14611	IV260600261	SO-26060362	700.93	700.93	0.00	700.93
14613	IV260600262	SO-26060360	401.87	401.87	0.00	401.87
14614	IV260600263	SO-26060357	2205.6099999999997	2205.61	0.00	2205.61
14616	IV260600264	SO-26060325	1440.65	1440.65	0.00	1440.65
14617	IV260600265	SO-26060355	1522.43	1522.43	0.00	1522.43
14618	IV260600266	SO-26060353	1015.89	1015.89	0.00	1015.89
14736	IV260600252	SO-26060365	6600	6600.00	0.00	6600.00
14744	IV260600271	SO-26060501	15046.73	15046.73	0.00	15046.73
14753	IV260600272	SO-26060634	138007.35	138007.35	0.00	138007.35
14754	IV260600273	SO-26060641	3732.69	3732.69	0.00	3732.69
14758	IV260600274	SO-26060640	5772.41	5772.41	0.00	5772.41
14759	IV260600275	SO-26060638	2842.01	2842.01	0.00	2842.01
14761	IV260600276	SO-26060633	12000.43	12000.43	0.00	12000.43
14762	IV260600277	SO-26060594	16149.21	16149.21	0.00	16149.21
14763	IV260600278	SO-26060616	5456.99	5456.99	0.00	5456.99
14764	IV260600279	SO-26060554	2916.8	2916.80	0.00	2916.80
14765	IV260600280	SO-26060556	5010.91	5010.91	0.00	5010.91
14766	IV260600281	SO-26060558	1896.94	1896.94	0.00	1896.94
14767	IV260600282	SO-26060539	9913.04	9913.04	0.00	9913.04
14769	IV260600283	SO-26060538	14889.96	14889.96	0.00	14889.96
14770	IV260600284	SO-26060541	2032.92	2032.92	0.00	2032.92
14771	IV260600285	SO-26060543	1835.74	1835.74	0.00	1835.74
14792	IV260600286	SO-26060413	1401.87	1401.87	0.00	1401.87
14793	IV260600287	SO-26060499	10303.74	10303.74	0.00	10303.74
14794	IV260600288	SO-26060478	19831.78	19831.78	0.00	19831.78
14795	IV260600289	SO-0240714	1760	1760.00	0.00	1760.00
14796	IV260600290	SO-26060488	12780.37	12780.37	0.00	12780.37
14797	IV260600291	SO-26060307	93.46	4934.58	4841.12	4934.58
14798	IV260600292	SO-26060629	952.34	952.34	0.00	952.34
14808	IV260600301	SO-26060530	3129.33	3129.33	0.00	3129.33
14809	IV260600302	SO-26060531	3129.33	3129.33	0.00	3129.33
14810	IV260600303	SO-26060449	1768.22	1768.22	0.00	1768.22
14811	IV260600304	SO-26060448	784.11	784.11	0.00	784.11
14812	IV260600305	SO-26060455	1101.87	1101.87	0.00	1101.87
14813	IV260600306	SO-26060456	514.02	514.02	0.00	514.02
14814	IV260600307	SO-26060457	1690.65	1690.65	0.00	1690.65
14815	IV260600308	SO-26060451	1148.6	1148.60	0.00	1148.60
14816	IV260600309	SO-26060458	27770.4	27770.40	0.00	27770.40
14818	IV260600310	SO-26060490	46740	46740.00	0.00	46740.00
14819	IV260600311	SO-26060459	11343	11343.00	0.00	11343.00
14820	IV260600312	SO-26060613	401.87	401.87	0.00	401.87
14821	IV260600313	SO-26060224	570.09	570.09	0.00	570.09
14822	IV260600314	SO-26060420	1214.95	1214.95	0.00	1214.95
14823	IV260600315	SO-26060418	2738.32	2738.32	0.00	2738.32
14824	IV260600316	SO-26060416	1588.79	1588.79	0.00	1588.79
14825	IV260600317	SO-26060407	2046.73	2046.73	0.00	2046.73
14826	IV260600318	SO-26060404	1214.95	1214.95	0.00	1214.95
14827	IV260600319	SO-26060402	1401.8700000000001	1401.87	0.00	1401.87
14828	IV260600320	SO-26060427	1177.5700000000002	1177.57	0.00	1177.57
14830	IV260600322	SO-26060421	401.87	401.87	0.00	401.87
14831	IV260600323	SO-26060569	738.32	738.32	0.00	738.32
14833	IV260600324	SO-26060491	738.32	738.32	0.00	738.32
14834	IV260600325	SO-26060484	1140.19	1140.19	0.00	1140.19
14835	IV260600326	SO-26060525	680.98	680.98	0.00	680.98
14836	IV260600327	SO-26060521	10713.84	10713.84	0.00	10713.84
14837	IV260600328	SO-26060507	15794.39	15794.39	0.00	15794.39
14838	IV260600329	SO-26060509	15794.39	15794.39	0.00	15794.39
14839	IV260600330	SO-26060506	15046.73	15046.73	0.00	15046.73
14840	IV260600331	SO-26060481	2224.3	2224.30	0.00	2224.30
14841	IV260600332	SO-26060476	738.32	738.32	0.00	738.32
14842	IV260600333	SO-26060475	738.32	738.32	0.00	738.32
14843	IV260600334	SO-26060489	1140.19	1140.19	0.00	1140.19
14844	IV260600335	SO-26060570	1018.69	1018.69	0.00	1018.69
14846	IV260600336	SO-26060378	3869.16	3869.16	0.00	3869.16
14847	IV260600337	SO-26060428	1308.41	1308.41	0.00	1308.41
14848	IV260600338	SO-26060429	1308.41	1308.41	0.00	1308.41
14849	IV260600339	SO-26060463	1419.6299999999999	1419.63	0.00	1419.63
14850	IV260600340	SO-26060374	1822.43	1822.43	0.00	1822.43
14852	IV260600341	SO-26060469	1427.1000000000001	1427.10	0.00	1427.10
14853	IV260600342	SO-26060552	1115.89	1115.89	0.00	1115.89
14854	IV260600343	SO-26060470	1308.41	1308.41	0.00	1308.41
14855	IV260600344	SO-26060474	7588.79	7588.79	0.00	7588.79
14856	IV260600345	SO-26060559	1350.47	1350.47	0.00	1350.47
14861	IV260600346	SO-26060557	2668.2200000000003	2668.22	0.00	2668.22
14862	IV260600347	SO-26060567	2317.76	2317.76	0.00	2317.76
14864	IV260600348	SO-26060575	1242.06	1242.06	0.00	1242.06
14865	IV260600349	SO-26060573	810.2800000000001	810.28	0.00	810.28
14866	IV260600350	SO-26060479	1364.48	1364.48	0.00	1364.48
14867	IV260600351	SO-26060571	1149.53	1149.53	0.00	1149.53
14868	IV260600352	SO-26060519	5172.9	5172.90	0.00	5172.90
14869	IV260600353	SO-26060518	612.62	612.62	0.00	612.62
14870	IV260600354	SO-26060517	2075.7	2075.70	0.00	2075.70
14871	IV260600355	SO-26060516	4123.36	4123.36	0.00	4123.36
14873	IV260600356	SO-26060477	3214.96	3214.96	0.00	3214.96
14876	IV260600357	SO-26060526	8523.37	8523.37	0.00	8523.37
14877	IV260600358	SO-26060445	4000	4000.00	0.00	4000.00
14878	IV260600359	SO-26060453	1288.79	1288.79	0.00	1288.79
14879	IV260600360	SO-26060486	8060.75	8060.75	0.00	8060.75
14880	IV260600361	SO-26060550	4018.69	4018.69	0.00	4018.69
14881	IV260600362	SO-26060515	738.32	738.32	0.00	738.32
14882	IV260600363	SO-26060522	7869.16	7869.16	0.00	7869.16
14884	IV260600364	SO-26060511	15046.73	15046.73	0.00	15046.73
14885	IV260600365	SO-26060487	45.8	231.78	185.98	231.78
14886	IV260600366	SO-26060480	157.01	157.01	0.00	157.01
14887	IV260600367	SO-26060471	738.32	738.32	0.00	738.32
14888	IV260600368	SO-26060473	1140.19	1140.19	0.00	1140.19
14889	IV260600369	SO-26060568	1654.21	1654.21	0.00	1654.21
14890	IV260600370	SO-26060483	1186.92	1186.92	0.00	1186.92
14891	IV260600371	SO-26060472	738.32	738.32	0.00	738.32
14893	IV260600372	SO-26060512	7635.52	7635.52	0.00	7635.52
14903	IV260600373	SO-26060621	1182.24	1182.24	0.00	1182.24
14904	IV260600374	SO-26060597	121.5	121.50	0.00	121.50
14905	IV260600375	SO-26060462	4620.56	4620.56	0.00	4620.56
14906	IV260600376	SO-26060464	2817.76	2817.76	0.00	2817.76
14907	IV260600377	SO-26060468	2360.74	2360.74	0.00	2360.74
14908	IV260600378	SO-26060466	1434.5800000000002	1434.58	0.00	1434.58
14912	IV260600379	SO-26060467	597.1999999999999	597.20	0.00	597.20
14914	IV260600380	SO-26060564	4696.26	4696.26	0.00	4696.26
14915	IV260600381	SO-26060563	1394.86	1394.86	0.00	1394.86
14916	IV260600382	SO-26060344	27056	27056.00	0.00	27056.00
14917	IV260600383	SO-26060331	31233.649999999998	31233.65	0.00	31233.65
14919	IV260600384	SO-0212622	474000	474000.00	0.00	474000.00
14920	IV260600385	SO-26060431	2385.05	2385.05	0.00	2385.05
14922	IV260600386	SO-26060430	1308.41	1308.41	0.00	1308.41
14923	IV260600387	SO-26060392	7588.79	7588.79	0.00	7588.79
14924	IV260600388	SO-26060600	2514.02	2514.02	0.00	2514.02
14925	IV260600389	SO-26060426	531.78	531.78	0.00	531.78
14926	IV260600390	SO-26060388	2869.16	2869.16	0.00	2869.16
14927	IV260600391	SO-26060410	466.36	466.36	0.00	466.36
14928	IV260600392	SO-26060409	2668.2200000000003	2668.22	0.00	2668.22
14929	IV260600393	SO-26060408	5677.57	5677.57	0.00	5677.57
14930	IV260600394	SO-26060406	1167.29	1167.29	0.00	1167.29
14932	IV260600395	SO-26060405	971.03	971.03	0.00	971.03
14933	IV260600396	SO-26060419	1115.89	1115.89	0.00	1115.89
14934	IV260600397	SO-26060417	1661.68	1661.68	0.00	1661.68
14936	IV260600398	SO-26060415	11691.59	11691.59	0.00	11691.59
14937	IV260600399	SO-26060412	1271.03	1271.03	0.00	1271.03
14938	IV260600400	SO-26060383	3000	3000.00	0.00	3000.00
14939	IV260600401	SO-26060382	1769.16	1769.16	0.00	1769.16
14941	IV260600402	SO-26060379	943.9300000000001	943.93	0.00	943.93
14942	IV260600403	SO-26060377	1206.54	1206.54	0.00	1206.54
14943	IV260600404	SO-26060385	1115.89	1115.89	0.00	1115.89
14944	IV260600405	SO-26060386	4285.05	4285.05	0.00	4285.05
14945	IV260600406	SO-26060389	606.54	606.54	0.00	606.54
14953	IV260600407	SO-26060393	1308.41	1308.41	0.00	1308.41
14954	IV260600408	SO-26060399	9448.6	9448.60	0.00	9448.60
14955	IV260600409	SO-26060411	20677.57	20677.57	0.00	20677.57
14956	IV260600410	SO-26060403	6657.009999999999	6657.01	0.00	6657.01
14957	IV260600411	SO-26060395	3598.13	3598.13	0.00	3598.13
14958	IV260600412	SO-26060440	7588.79	7588.79	0.00	7588.79
14959	IV260600413	SO-26060391	13807.48	13807.48	0.00	13807.48
14960	IV260600414	SO-26060437	8079.4400000000005	8079.44	0.00	8079.44
14961	IV260600415	SO-26060401	8009.35	8009.35	0.00	8009.35
14962	IV260600416	SO-26060397	5607.48	5607.48	0.00	5607.48
14963	IV260600417	SO-26060396	3500	3500.00	0.00	3500.00
14964	IV260600418	SO-26060424	45.82	752.34	706.52	752.34
14965	IV260600419	SO-26060423	603.74	603.74	0.00	603.74
14966	IV260600420	SO-26060422	231.77999999999997	231.78	0.00	231.78
14967	IV260600421	SO-26060384	1691.59	1691.59	0.00	1691.59
14968	IV260600422	SO-26060398	4644.86	4644.86	0.00	4644.86
14969	IV260600423	SO-26060380	1406.54	1406.54	0.00	1406.54
14970	IV260600424	SO-26060604	1037.39	1037.39	0.00	1037.39
14971	IV260600425	SO-26060439	4738.32	4738.32	0.00	4738.32
14972	IV260600426	SO-26060441	3028.04	3028.04	0.00	3028.04
14973	IV260600427	SO-26060376	3028.04	3028.04	0.00	3028.04
14974	IV260600428	SO-0236507	684	684.00	0.00	684.00
14977	IV260600431	SO-26060635	1523.3600000000001	1523.36	0.00	1523.36
14979	IV260600433	SO-26060639	1046.73	1046.73	0.00	1046.73
14980	IV260600434	SO-26060645	373.83000000000004	373.83	0.00	373.83
14981	IV260600435	SO-26060649	214.95	214.95	0.00	214.95
14983	IV260600437	SO-26060651	733.6500000000001	733.65	0.00	733.65
14984	IV260600438	SO-26060527	3129.33	3129.33	0.00	3129.33
14985	IV260600439	SO-26060528	3671	3671.00	0.00	3671.00
14986	IV260600300	SO-26060529	3129.33	3129.33	0.00	3129.33
14987	IV260600299	SO-26060533	3671	3671.00	0.00	3671.00
14988	IV260600298	SO-26060532	3129.33	3129.33	0.00	3129.33
14989	IV260600297	SO-26060535	3129.33	3129.33	0.00	3129.33
14990	IV260600296	SO-26060536	3129.33	3129.33	0.00	3129.33
14991	IV260600295	SO-26060508	3129.33	3129.33	0.00	3129.33
14992	IV260600294	SO-26060534	3129.33	3129.33	0.00	3129.33
14995	IV260600440	SO-26060689	6731.07	6731.07	0.00	6731.07
14996	IV260600441	SO-26060694	5432.46	5432.46	0.00	5432.46
14997	IV260600442	SO-26060692	5724.8	5724.80	0.00	5724.80
14999	IV260600444	SO-26060695	27409.26	27409.26	0.00	27409.26
15001	IV260600446	SO-26060751	7524	7524.00	0.00	7524.00
15002	IV260600447	SO-26060750	890	890.00	0.00	890.00
15003	IV260600448	SO-26060653	1966.5	1966.50	0.00	1966.50
15005	IV260600450	SO-26060351	13282.13	13282.13	0.00	13282.13
15008	IV260600452	SO-0238091	9068.6	9068.60	0.00	9068.60
15009	IV260600453	SO-26060592	52764.11	56304.41	3540.30	56304.41
15010	IV260600454	SO-26060596	585.8	585.80	0.00	585.80
15011	IV260600455	SO-26060632	12973.22	12973.22	0.00	12973.22
15012	IV260600451	SO-0239169	9068.6	9068.60	0.00	9068.60
15014	IV260600456	SO-0240244	7818.93	7818.93	0.00	7818.93
15015	IV260600457	SO-0240180	7818.93	7818.93	0.00	7818.93
15022	IV260600458	SO-26060755	1046.73	1046.73	0.00	1046.73
15023	IV260600459	SO-26060758	3200	3200.00	0.00	3200.00
15024	IV260600460	SO-26060718	76275.5	76275.50	0.00	76275.50
15025	IV260600461	SO-0240488	9042.06	9042.06	0.00	9042.06
15026	IV260600462	SO-26060493	10841.119999999999	10841.12	0.00	10841.12
15027	IV260600463	SO-26060494	10303.74	10303.74	0.00	10303.74
15028	IV260600464	SO-26060495	10303.74	10303.74	0.00	10303.74
15029	IV260600465	SO-26060498	10303.74	10303.74	0.00	10303.74
15030	IV260600466	SO-26060496	10303.74	10303.74	0.00	10303.74
15031	IV260600467	SO-26060347	16860	18860.00	2000.00	18860.00
15032	IV260600468	SO-26060685	9130.84	9130.84	0.00	9130.84
15033	IV260600469	SO-26060679	8485.98	8485.98	0.00	8485.98
15034	IV260600470	SO-26060682	9130.84	9130.84	0.00	9130.84
15035	IV260600471	SO-26060683	9149.53	9149.53	0.00	9149.53
15036	IV260600472	SO-26060643	3028.04	3028.04	0.00	3028.04
15037	IV260600473	SO-26060672	1943.93	1943.93	0.00	1943.93
15038	IV260600474	SO-26060654	3203.7400000000002	3203.74	0.00	3203.74
15039	IV260600475	SO-26060670	1350.47	1350.47	0.00	1350.47
15040	IV260600476	SO-26060660	1514.02	1514.02	0.00	1514.02
15041	IV260600477	SO-26060661	728.04	728.04	0.00	728.04
15042	IV260600478	SO-26060662	1750.47	1750.47	0.00	1750.47
15043	IV260600479	SO-26060630	738.32	738.32	0.00	738.32
15045	IV260600480	SO-26060625	738.32	738.32	0.00	738.32
15046	IV260600481	SO-26060603	1467.29	1467.29	0.00	1467.29
15047	IV260600482	SO-26060628	2149.53	2149.53	0.00	2149.53
15048	IV260600483	SO-26060622	7028.04	7028.04	0.00	7028.04
15049	IV260600484	SO-26060627	5644.86	5644.86	0.00	5644.86
15050	IV260600485	SO-26060620	1018.69	1018.69	0.00	1018.69
15051	IV260600486	SO-26060400	5299.070000000001	5299.07	0.00	5299.07
15052	IV260600487	SO-26060394	8747.66	8747.66	0.00	8747.66
15053	IV260600488	SO-26060390	810.2800000000001	810.28	0.00	810.28
15054	IV260600489	SO-26060387	7588.79	7588.79	0.00	7588.79
15055	IV260600490	SO-26060375	1186.92	1186.92	0.00	1186.92
15056	IV260600491	SO-26060438	738.32	738.32	0.00	738.32
15057	IV260600492	SO-26060615	7607.48	7607.48	0.00	7607.48
15058	IV260600493	SO-26060598	4785.049999999999	4785.05	0.00	4785.05
15059	IV260600494	SO-26060624	4850.47	4850.47	0.00	4850.47
15060	IV260600495	SO-26060601	738.32	738.32	0.00	738.32
15061	IV260600496	SO-26060611	8028.04	8028.04	0.00	8028.04
15062	IV260600497	SO-26060602	6186.92	6186.92	0.00	6186.92
15063	IV260600498	SO-26060605	4757.01	4757.01	0.00	4757.01
15064	IV260600499	SO-26060599	1140.19	1140.19	0.00	1140.19
15065	IV260600500	SO-26060678	8504.67	8504.67	0.00	8504.67
15066	IV260600501	SO-26060673	2738.3199999999997	2738.32	0.00	2738.32
15067	IV260600502	SO-26060674	2757.0099999999998	2757.01	0.00	2757.01
15068	IV260600503	SO-26060669	7700.93	7700.93	0.00	7700.93
15069	IV260600504	SO-26060572	11810	11810.00	0.00	11810.00
15070	IV260600505	SO-26060644	3084.1099999999997	3084.11	0.00	3084.11
15071	IV260600506	SO-26060619	27943.93	27943.93	0.00	27943.93
15072	IV260600507	SO-26060465	31190	31190.00	0.00	31190.00
15073	IV260600508	SO-26060504	15046.73	15046.73	0.00	15046.73
15074	IV260600509	SO-26060309	2299.31	2299.31	0.00	2299.31
15075	IV260600510	SO-26060593	5225	5225.00	0.00	5225.00
15076	IV260600511	SO-26060332	24357.45	24357.45	0.00	24357.45
15077	IV260600512	SO-26060747	33250	33250.00	0.00	33250.00
15078	IV260600513	SO-26060502	19900	19900.00	0.00	19900.00
15079	IV260600514	SO-26060657	655.5	655.50	0.00	655.50
15080	IV260600515	SO-26060565	4899.53	4899.53	0.00	4899.53
15081	IV260600516	SO-26060566	3168.22	3168.22	0.00	3168.22
15082	IV260600517	SO-26060314	5950.93	5950.93	0.00	5950.93
15083	IV260600518	SO-26060037	12939.25	12939.25	0.00	12939.25
15084	IV260600519	SO-26060562	4072.64	4072.64	0.00	4072.64
15085	IV260600520	SO-26060710	13500	13500.00	0.00	13500.00
15086	IV260600521	SO-26060706	13500	13500.00	0.00	13500.00
15087	IV260600522	SO-26060705	13500	13500.00	0.00	13500.00
15088	IV260600523	SO-26060748	5130	5130.00	0.00	5130.00
15089	IV260600524	SO-26060749	5130	5130.00	0.00	5130.00
15090	IV260600525	SO-26060701	5116.82	5116.82	0.00	5116.82
15092	IV260600527	SO-26060713	1036.45	1036.45	0.00	1036.45
15093	IV260600528	SO-26060712	877.5699999999999	877.57	0.00	877.57
15094	IV260600529	SO-26060664	1018.69	1018.69	0.00	1018.69
15095	IV260600530	SO-26060715	1299.06	1299.06	0.00	1299.06
15096	IV260600531	SO-26060708	1308.41	1308.41	0.00	1308.41
15097	IV260600532	SO-26060806	953.27	953.27	0.00	953.27
15104	IV260600293	SO-26060652	3000	3000.00	0.00	3000.00
15113	IV260600436	SO-26060650	976.64	976.64	0.00	976.64
15114	IV260600432	SO-26060637	224.3	224.30	0.00	224.30
15116	IV260600430	SO-26060425	560.75	560.75	0.00	560.75
15121	IV260600533	SO-0240123	15637.86	15637.86	0.00	15637.86
15125	IV260600534	SO-26060612	142320	142320.00	0.00	142320.00
15126	IV260600535	SO-26060813	809.09	809.09	0.00	809.09
15127	IV260600536	SO-0239652	7818.93	7818.93	0.00	7818.93
15128	IV260600537	SO-0239871	15637.86	15637.86	0.00	15637.86
15129	IV260600538	SO-26060169	7818.92	7818.92	0.00	7818.92
15130	IV260600539	SO-26060168	7818.92	7818.92	0.00	7818.92
15131	IV260600540	SO-26060164	15637.86	15637.86	0.00	15637.86
15132	IV260600541	SO-26060729	469.13	469.13	0.00	469.13
15133	IV260600542	SO-0240335	7818.93	7818.93	0.00	7818.93
15134	IV260600543	SO-26060236	7818.92	7818.92	0.00	7818.92
15135	IV260600544	SO-26060730	3732.69	3732.69	0.00	3732.69
15137	IV260600545	SO-26060728	3249.96	3249.96	0.00	3249.96
15138	IV260600546	SO-26060724	469.13	5221.67	4752.54	5221.67
15139	IV260600547	SO-26060727	7309	7309.00	0.00	7309.00
15140	IV260600548	SO-26060726	673.1	673.10	0.00	673.10
15141	IV260600549	SO-26060811	3732.69	3732.69	0.00	3732.69
15142	IV260600550	SO-26060690	16608.6	41224.44	24615.84	41224.44
15143	IV260600551	SO-26060656	3397.75	3397.75	0.00	3397.75
15144	IV260600552	SO-26060663	493	493.00	0.00	493.00
15145	IV260600553	SO-26060829	46626.740000000005	46626.74	0.00	46626.74
15146	IV260600554	SO-26060834	2134.9	2134.90	0.00	2134.90
15147	IV260600555	SO-26060825	2032.92	2032.92	0.00	2032.92
15148	IV260600556	SO-26060839	40359.2	40359.20	0.00	40359.20
15149	IV260600557	SO-0240228	2032.92	2032.92	0.00	2032.92
15152	IV260600558	SO-26060840	1516.2	1516.20	0.00	1516.20
15153	IV260600559	SO-26060848	2032.92	2032.92	0.00	2032.92
15154	IV260600560	SO-26060847	4011.44	4011.44	0.00	4011.44
15155	IV260600561	SO-26060846	1489	1489.00	0.00	1489.00
15164	IV260600562	SO-26060845	3732.69	3732.69	0.00	3732.69
15197	IV260600268	SO-26060345	9280.37	9280.37	0.00	9280.37
15203	IV260600321	SO-26060434	2028.04	2028.04	0.00	2028.04
15238	IV260600563	SO-26060865	3671	3671.00	0.00	3671.00
15239	IV260600269	SO-26060196	47975.700000000004	47975.70	0.00	47975.70
15242	IV260600242	SO-26060319	2046.73	2046.73	0.00	2046.73
15243	IV260600240	SO-26060337	457.94	457.94	0.00	457.94
15249	IV260600154	SO-26060187	925.23	925.23	0.00	925.23
15250	IV260600149	SO-26060193	2523.3599999999997	2523.36	0.00	2523.36
15253	IV260600566	SO-26060333	595.79	595.79	0.00	595.79
15254	IV260600567	SO-26060835	5700	5700.00	0.00	5700.00
15255	IV260600568	SO-26060831	5671.5	5671.50	0.00	5671.50
15256	IV260600569	SO-26060832	5671.5	5671.50	0.00	5671.50
15257	IV260600570	SO-26060823	4467.3	4467.30	0.00	4467.30
15258	IV260600571	SO-26060821	439.25	439.25	0.00	439.25
15259	IV260600572	SO-26060820	3185.05	3185.05	0.00	3185.05
15260	IV260600573	SO-0240563	2831	2831.00	0.00	2831.00
15261	IV260600574	SO-0240824	3598.6	3598.60	0.00	3598.60
15262	IV260600575	SO-26060452	4845	4845.00	0.00	4845.00
15263	IV260600576	SO-26060595	2219.3	2219.30	0.00	2219.30
15264	IV260600577	SO-26060822	8009.35	8009.35	0.00	8009.35
15265	IV260600578	SO-26060781	45.79	1709.35	1663.56	1709.35
15266	IV260600579	SO-26060879	6870	6870.00	0.00	6870.00
15267	IV260600580	SO-26060784	45.8	157.01	111.21	157.01
15268	IV260600581	SO-26060809	1434.5800000000002	1434.58	0.00	1434.58
15269	IV260600582	SO-26060815	841.12	841.12	0.00	841.12
15270	IV260600583	SO-26060817	21106.5	21106.50	0.00	21106.50
15271	IV260600584	SO-26060772	8504.67	8504.67	0.00	8504.67
15272	IV260600585	SO-26060666	261.68	261.68	0.00	261.68
15275	IV260600588	SO-26060816	738.32	738.32	0.00	738.32
15276	IV260600589	SO-26060812	6769.16	6769.16	0.00	6769.16
15277	IV260600590	SO-26060807	7635.5	7635.50	0.00	7635.50
15278	IV260600591	SO-26060779	1015.89	1015.89	0.00	1015.89
15279	IV260600592	SO-26060774	3112.15	3112.15	0.00	3112.15
15281	IV260600594	SO-26060612	52800	0.00	-52800.00	0.00
15282	IV260600595	SO-26060797	4831.78	4831.78	0.00	4831.78
15283	IV260600596	SO-26060801	15046.73	15046.73	0.00	15046.73
15284	IV260600597	SO-26060676	8485.98	8485.98	0.00	8485.98
15285	IV260600598	SO-26060680	8485.98	8485.98	0.00	8485.98
15286	IV260600599	SO-26060681	9130.84	9130.84	0.00	9130.84
15287	IV260600600	SO-26060675	9626.18	9626.18	0.00	9626.18
15288	IV260600601	SO-26060677	10308.41	10308.41	0.00	10308.41
15289	IV260600602	SO-26060684	19831.78	19831.78	0.00	19831.78
15290	IV260600603	SO-26060691	1654.21	1654.21	0.00	1654.21
15291	IV260600604	SO-26060808	45.79	418.69	372.90	418.69
15292	IV260600605	SO-26060833	1401.8700000000001	1401.87	0.00	1401.87
15293	IV260600606	SO-26060836	1401.8700000000001	1401.87	0.00	1401.87
15294	IV260600607	SO-26060830	289.72	289.72	0.00	289.72
15295	IV260600608	SO-26060828	420.56	420.56	0.00	420.56
15298	IV260600610	SO-0239498	1805	1805.00	0.00	1805.00
15299	IV260600611	SO-26060717	33500	33500.00	0.00	33500.00
15300	IV260600612	SO-26060716	42175	42175.00	0.00	42175.00
15301	IV260600613	SO-26060814	252.33	252.33	0.00	252.33
15302	IV260600614	SO-26060555	76	1966.50	1890.50	1966.50
15303	IV260600615	SO-26060800	784.11	784.11	0.00	784.11
15304	IV260600616	SO-26060270	18283.76	18283.76	0.00	18283.76
15305	IV260600617	SO-0239885	1881	6726.00	4845.00	6726.00
15306	IV260600618	SO-0238993	2945	2945.00	0.00	2945.00
15309	IV260600620	SO-26060514	10307.5	10307.50	0.00	10307.50
15312	IV260600622	SO-26060688	3627.44	3627.44	0.00	3627.44
15313	IV260600068	SO-26060045	16848.25	16848.25	0.00	16848.25
15315	IV260600093	SO-26060112	1474.77	1474.77	0.00	1474.77
15318	IV260600086	SO-26060056	6130.84	6130.84	0.00	6130.84
15319	IV260600085	SO-0240121	42175	42175.00	0.00	42175.00
15320	IV260600084	SO-26060034	271.03	271.03	0.00	271.03
15321	IV260600078	SO-26060078	4056.08	4056.08	0.00	4056.08
15322	IV260600065	SO-26060070	63300	63300.00	0.00	63300.00
15324	IV260600056	SO-26060071	733.6500000000001	733.65	0.00	733.65
15325	IV260600053	SO-26060039	1523.3700000000001	1523.37	0.00	1523.37
15326	IV260600015	SO-26050635	1690.6499999999999	1690.65	0.00	1690.65
15329	IV260600006	SO-26060005	1307.48	1307.48	0.00	1307.48
15334	IV260600625	SO-26060869	3589.9	3589.90	0.00	3589.90
15335	IV260600626	SO-26060928	11210	11210.00	0.00	11210.00
15336	IV260600627	SO-26060841	285	285.00	0.00	285.00
15337	IV260600628	SO-26060788	280.37	280.37	0.00	280.37
15338	IV260600629	SO-26060899	280.37	280.37	0.00	280.37
15362	IV260600646	SO-26060905	93.45	1738.32	1644.87	1738.32
15363	IV260600647	SO-26060904	56.07	327.10	271.03	327.10
15364	IV260600648	SO-26060854	93.45	1401.87	1308.42	1401.87
15365	IV260600649	SO-26060686	93.46	3242.99	3149.53	3242.99
15366	IV260600650	SO-26060898	93.45	1406.54	1313.09	1406.54
15367	IV260600651	SO-26060872	280.37	1177.57	897.20	1177.57
15369	IV260600653	SO-26060896	186.92	6392.52	6205.60	6392.52
15370	IV260600654	SO-26060883	45.79	1709.35	1663.56	1709.35
15371	IV260600655	SO-26060889	46.73	841.12	794.39	841.12
15372	IV260600656	SO-26060888	140.19	7588.79	7448.60	7588.79
15374	IV260600657	SO-26060887	186.92	8009.35	7822.43	8009.35
15376	IV260600658	SO-26060885	93.46	1672.90	1579.44	1672.90
15377	IV260600659	SO-26060882	45.79	1709.35	1663.56	1709.35
15378	IV260600660	SO-26060884	93.45	11777.57	11684.12	11777.57
15379	IV260600661	SO-26060880	93.46	1391.59	1298.13	1391.59
15380	IV260600662	SO-26060671	186.92	8009.35	7822.43	8009.35
15381	IV260600663	SO-26060886	186.92	5766.36	5579.44	5766.36
15382	IV260600664	SO-26060881	93.44	4813.08	4719.64	4813.08
15383	IV260600665	SO-26060381	93.46	4738.32	4644.86	4738.32
15384	IV260600666	SO-26060805	186.92	15028.04	14841.12	15028.04
15387	IV260600668	SO-26060859	186.92	6906.55	6719.63	6906.55
15389	IV260600670	SO-26060612	6480	0.00	-6480.00	0.00
15390	IV260600671	SO-26060912	93.45	1046.73	953.28	1046.73
15393	IV260600674	SO-26060895	280.37	841.12	560.75	841.12
15394	IV260600675	SO-26060804	186.91	10028.04	9841.13	10028.04
15397	IV260600678	SO-26060918	140.19	3205.61	3065.42	3205.61
15398	IV260600679	SO-26060915	93.46	1560.75	1467.29	1560.75
15399	IV260600680	SO-26060922	45.8	774.77	728.97	774.77
15400	IV260600681	SO-26060920	45.8	417.76	371.96	417.76
15407	IV260600061	SO-26060010	46.73	252.34	205.61	252.34
15461	IV260600712	SO-26060966	93.46	1214.96	1121.50	1214.96
15462	IV260600713	SO-26060973	56.07	280.37	224.30	280.37
15463	IV260600714	SO-26060976	46.73	224.30	177.57	224.30
15465	IV260600716	SO-26060980	93.46	1549.53	1456.07	1549.53
15466	IV260600717	SO-26060971	56.07	327.10	271.03	327.10
15467	IV260600718	SO-26060954	93.46	6934.58	6841.12	6934.58
15468	IV260600719	SO-26060952	467.29	22841.13	22373.84	22841.13
15469	IV260600720	SO-26060975	45.8	466.36	420.56	466.36
15470	IV260600721	SO-26060927	373.83	9616.83	9243.00	9616.83
15473	IV260600724	SO-26060948	56.08	1252.34	1196.26	1252.34
15690	IV260600321	SO-26060434	121.5	2028.04	1906.54	2028.04
15697	IV260600157	SO-26060185	93.45	1738.32	1644.87	1738.32
15698	IV260600730	SO-26060986	5700	5700.00	0.00	5700.00
15699	IV260600731	SO-26060988	9100	9100.00	0.00	9100.00
15707	IV260600739	SO-26060890	93.45	4084.11	3990.66	4084.11
15710	IV260600048	SO-26060050	51.4	1434.58	1383.18	1434.58
15711	IV260600062	SO-26060066	46.73	1803.74	1757.01	1803.74
15712	IV260600740	SO-26060936	51.4	1308.41	1257.01	1308.41
15713	IV260600741	SO-26060938	186.92	1476.64	1289.72	1476.64
15714	IV260600069	SO-26060059	51.4	1098.13	1046.73	1098.13
15715	IV260600742	SO-26060943	46.73	841.12	794.39	841.12
15716	IV260600743	SO-26060893	186.92	8009.35	7822.43	8009.35
15717	IV260600744	SO-26060951	186.91	13025.24	12838.33	13025.24
15720	IV260600747	SO-26060935	93.46	1560.75	1467.29	1560.75
15840	IV260600793	SO-26061156	56.07	953.27	897.20	953.27
15849	IV260600796	SO-26061114	121.5	2738.32	2616.82	2738.32
15852	IV260600799	SO-26060999	93.45	6991.59	6898.14	6991.59
15875	IV260600808	SO-26060974	56.07	733.65	677.58	733.65
15877	IV260600809	SO-26060984	93.45	1588.79	1495.34	1588.79
15878	IV260600810	SO-26061150	46.73	224.30	177.57	224.30
15879	IV260600811	SO-26061120	56.08	733.65	677.57	733.65
15885	IV260600814	SO-26061135	140.19	3112.15	2971.96	3112.15
15888	IV260600816	SO-26061149	2336.45	2775.70	439.25	2775.70
15890	IV260600817	SO-26061162	93.45	1523.36	1429.91	1523.36
15892	IV260600818	SO-26061160	46.73	280.37	233.64	280.37
15898	IV260600821	SO-26061158	93.44	3906.54	3813.10	3906.54
15899	IV260600822	SO-26060953	1401.87	16280.37	14878.50	16280.37
15903	IV260600824	SO-26061145	93.46	372.90	279.44	372.90
15904	IV260600825	SO-26061148	45.8	886.92	841.12	886.92
15905	IV260600826	SO-26061151	93.46	4003.74	3910.28	4003.74
15906	IV260600827	SO-26061152	46.73	1439.25	1392.52	1439.25
15907	IV260600828	SO-26061153	93.46	1411.22	1317.76	1411.22
15908	IV260600829	SO-26061157	51.41	2556.07	2504.66	2556.07
15911	IV260600830	SO-26061128	93.46	831.78	738.32	831.78
15913	IV260600832	SO-26061136	74.77	2682.25	2607.48	2682.25
15915	IV260600834	SO-26061139	93.46	831.78	738.32	831.78
15919	IV260600835	SO-26061143	93.45	1392.52	1299.07	1392.52
15920	IV260600836	SO-26061142	93.46	4003.74	3910.28	4003.74
15923	IV260600837	SO-26061141	45.79	653.27	607.48	653.27
15931	IV260600843	SO-26061037	186.91	10065.41	9878.50	10065.41
15933	IV260600845	SO-26061019	186.92	5495.33	5308.41	5495.33
15934	IV260600846	SO-26060982	186.92	4831.78	4644.86	4831.78
15935	IV260600847	SO-26060991	93.46	1654.21	1560.75	1654.21
15936	IV260600848	SO-26060992	45.8	3756.08	3710.28	3756.08
15938	IV260600849	SO-26060995	45.79	1447.63	1401.84	1447.63
15939	IV260600850	SO-26061003	46.73	1188.79	1142.06	1188.79
15940	IV260600851	SO-26061004	93.45	5835.51	5742.06	5835.51
15941	IV260600852	SO-26061013	45.8	466.36	420.56	466.36
15942	IV260600853	SO-26061015	45.8	1148.60	1102.80	1148.60
15946	IV260600856	SO-26061068	51.4	1037.38	985.98	1037.38
15947	IV260600857	SO-26061012	45.78	1142.97	1097.19	1142.97
15949	IV260600859	SO-26061035	93.45	1523.36	1429.91	1523.36
15950	IV260600860	SO-26061033	93.46	4738.32	4644.86	4738.32
15951	IV260600861	SO-26061122	45.8	2176.64	2130.84	2176.64
15953	IV260600862	SO-26061116	51.4	1434.58	1383.18	1434.58
15956	IV260600863	SO-26061111	45.8	597.20	551.40	597.20
15957	IV260600864	SO-26061108	51.4	1322.43	1271.03	1322.43
15960	IV260600865	SO-26061126	93.45	1747.66	1654.21	1747.66
15961	IV260600866	SO-26061000	93.46	2495.33	2401.87	2495.33
15962	IV260600867	SO-26061001	93.45	5855.14	5761.69	5855.14
15963	IV260600868	SO-26061002	93.46	10907.48	10814.02	10907.48
15964	IV260600869	SO-26061119	93.46	943.93	850.47	943.93
15965	IV260600870	SO-26061079	280.37	401.87	121.50	401.87
15966	IV260600871	SO-26061047	280.37	1112.15	831.78	1112.15
15967	IV260600872	SO-26061081	280.38	1158.88	878.50	1158.88
15969	IV260600874	SO-26061069	373.81	11336.45	10962.64	11336.45
15970	IV260600875	SO-26061075	74.77	1009.35	934.58	1009.35
15973	IV260600877	SO-0238599	2200	0.00	-2200.00	0.00
15977	IV260600880	SO-26061191	280.37	280.37	0.00	280.37
15978	IV260600881	SO-26061198	373.83	373.83	0.00	373.83
15979	IV260600882	SO-26061200	1355.14	1355.14	0.00	1355.14
15980	IV260600883	SO-26061078	1401.87	1401.87	0.00	1401.87
15981	IV260600884	SO-26061067	280.37	280.37	0.00	280.37
15982	IV260600885	SO-26061080	280.37	280.37	0.00	280.37
15987	IV260600586	SO-26060810	56.07	327.10	271.03	327.10
15988	IV260600587	SO-26060818	93.46	2242.99	2149.53	2242.99
15989	IV260600673	SO-26060923	280.38	2757.01	2476.63	2757.01
16002	IV260600715	SO-26060933	280.39	2448.60	2168.21	2448.60
16063	IV260600894	SO-26061192	233.65	5607.48	5373.83	5607.48
16064	IV260600895	SO-26061222	186.92	8028.04	7841.12	8028.04
16065	IV260600896	SO-26061223	93.46	1560.75	1467.29	1560.75
16066	IV260600897	SO-26061176	373.83	23893.83	23520.00	23893.83
16067	IV260600898	SO-26061190	140.19	5607.48	5467.29	5607.48
16068	IV260600899	SO-26061133	330.37	7797.66	7467.29	7797.66
16080	IV260600902	SO-26061230	233.64	10999.99	10766.35	10999.99
16084	IV260600904	SO-26061098	93.46	831.78	738.32	831.78
16085	IV260600905	SO-26061113	140.18	6280.37	6140.19	6280.37
16087	IV260600906	SO-26061115	93.46	1164.49	1071.03	1164.49
16090	IV260600907	SO-26061117	233.65	5607.48	5373.83	5607.48
16092	IV260600908	SO-26061123	93.46	1373.83	1280.37	1373.83
16094	IV260600909	SO-26060993	280.38	3074.77	2794.39	3074.77
16096	IV260600911	SO-26061006	93.45	1439.25	1345.80	1439.25
16097	IV260600912	SO-26061202	140.19	5345.80	5205.61	5345.80
16100	IV260600914	SO-26061215	93.45	4084.11	3990.66	4084.11
16107	IV260600918	SO-26061217	93.46	2317.76	2224.30	2317.76
16108	IV260600919	SO-26061212	93.45	4084.11	3990.66	4084.11
16109	IV260600920	SO-26061210	93.46	1560.75	1467.29	1560.75
16110	IV260600921	SO-26061187	186.92	2588.79	2401.87	2588.79
16111	IV260600922	SO-26061224	93.45	1747.66	1654.21	1747.66
16112	IV260600923	SO-26061228	93.45	3345.79	3252.34	3345.79
16113	IV260600924	SO-26061229	93.47	1448.60	1355.13	1448.60
16114	IV260600925	SO-26061211	46.73	1732.71	1685.98	1732.71
16115	IV260600926	SO-26061220	46.73	1732.71	1685.98	1732.71
16116	IV260600927	SO-26061207	51.4	995.33	943.93	995.33
16117	IV260600928	SO-26061209	45.8	2802.80	2757.00	2802.80
16118	IV260600929	SO-26061203	93.46	7932.70	7839.24	7932.70
16121	IV260600932	SO-26061185	45.79	418.69	372.90	418.69
16122	IV260600933	SO-26061227	46.73	1732.71	1685.98	1732.71
16123	IV260600934	SO-26061226	51.4	1037.38	985.98	1037.38
16128	IV260600939	SO-26061225	45.8	2821.50	2775.70	2821.50
16129	IV260600940	SO-26061197	186.92	2803.74	2616.82	2803.74
16130	IV260600941	SO-26061199	280.38	1158.88	878.50	1158.88
16135	IV260600946	SO-26061236	93.46	1476.64	1383.18	1476.64
16136	IV260600947	SO-26061239	35.51	306.54	271.03	306.54
16138	IV260600949	SO-26061240	93.46	1766.36	1672.90	1766.36
16140	IV260600951	SO-26061204	51.4	1294.39	1242.99	1294.39
16141	IV260600952	SO-26061205	51.4	1322.43	1271.03	1322.43
16143	IV260600953	SO-26061206	51.4	1434.58	1383.18	1434.58
16144	IV260600954	SO-26061082	700.94	700.94	0.00	700.94
16150	IV260600959	SO-26061189	56.07	733.65	677.58	733.65
16213	IV260600987	SO-0238599	3430	0.00	-3430.00	0.00
16214	IV260600988	SO-26061358	186.92	6766.36	6579.44	6766.36
16227	CN2606020	SO-26060310	792	792.00	0.00	792.00
16228	IV260600991	SO-26061282	93.46	5454.21	5360.75	5454.21
16229	IV260600992	SO-26061299	51.4	1322.43	1271.03	1322.43
16230	IV260600993	SO-26061300	46.73	1710.28	1663.55	1710.28
16231	IV260600994	SO-26061309	45.8	531.78	485.98	531.78
16233	IV260600996	SO-26061193	70680	70680.00	0.00	70680.00
16235	IV260600998	SO-26061193	60680	0.00	-60680.00	0.00
16236	IV260600999	SO-26061302	46.73	4065.42	4018.69	4065.42
16239	IV260601002	SO-26061231	140.19	9467.29	9327.10	9467.29
16240	IV260601003	SO-26061278	93.45	4084.11	3990.66	4084.11
16241	IV260601004	SO-26060913	93.46	2327.10	2233.64	2327.10
16242	IV260601005	SO-26061321	46.73	10626.17	10579.44	10626.17
16243	IV260601006	SO-26061325	140.19	3224.30	3084.11	3224.30
16244	IV260601007	SO-26061323	140.19	6476.64	6336.45	6476.64
16245	IV260601008	SO-26061322	93.45	3570.09	3476.64	3570.09
16246	IV260601009	SO-26060134	93.46	1102.80	1009.34	1102.80
16248	IV260601011	SO-26061277	140.2	18065.40	17925.20	18065.40
16249	IV260601012	SO-26061320	93.45	3793.46	3700.01	3793.46
16250	IV260601013	SO-26061313	93.46	1183.18	1089.72	1183.18
16251	IV260601014	SO-26061296	93.47	6598.13	6504.66	6598.13
16252	IV260601015	SO-26061297	280.37	9514.02	9233.65	9514.02
16253	IV260601016	SO-26061304	93.46	2495.33	2401.87	2495.33
16254	IV260601017	SO-26061310	280.37	11289.72	11009.35	11289.72
16255	IV260601018	SO-26061317	93.45	2037.38	1943.93	2037.38
16258	IV260601021	SO-0231810	409750	409750.00	0.00	409750.00
16270	IV260601026	SO-26061351	46.73	224.30	177.57	224.30
16273	IV260601027	SO-26061324	93.45	1401.87	1308.42	1401.87
16278	IV260601030	SO-26061352	56.07	733.65	677.58	733.65
16280	IV260601031	SO-26061354	74.77	3140.19	3065.42	3140.19
16282	IV260601032	SO-26061355	93.45	1401.87	1308.42	1401.87
16419	IV260601041	SO-26061381	45.8	764.49	718.69	764.49
16433	IV260601046	SO-26061384	93.46	7444.86	7351.40	7444.86
16444	IV260601048	SO-26061419	56.08	1252.34	1196.26	1252.34
16448	IV260601049	SO-26061399	56.07	733.65	677.58	733.65
16450	IV260601050	SO-26061422	74.77	4074.77	4000.00	4074.77
16452	IV260601051	SO-26061421	51.4	1066.35	1014.95	1066.35
16453	IV260601052	SO-26061416	27.1	700.00	672.90	700.00
16454	IV260601053	SO-26061383	186.91	10458.88	10271.97	10458.88
16455	IV260601054	SO-26061382	93.47	8589.72	8496.25	8589.72
16457	IV260601056	SO-26061347	93.45	1915.89	1822.44	1915.89
16458	IV260601057	SO-26061403	467.29	5130.84	4663.55	5130.84
16461	IV260601060	SO-26061424	233.65	5626.17	5392.52	5626.17
16462	IV260601061	SO-26061409	121.5	1243.00	1121.50	1243.00
16463	IV260601062	SO-26061407	65.42	1387.85	1322.43	1387.85
16464	IV260601063	SO-26061405	93.45	1588.79	1495.34	1588.79
16465	IV260601064	SO-26061402	93.45	1588.79	1495.34	1588.79
16466	IV260601065	SO-26061400	93.46	2299.07	2205.61	2299.07
16472	IV260601066	SO-26061393	51.4	1322.43	1271.03	1322.43
16473	IV260601067	SO-26061394	233.65	5607.48	5373.83	5607.48
16488	IV260601073	SO-26061279	46.73	887.85	841.12	887.85
16490	IV260601074	SO-26061373	45.8	466.36	420.56	466.36
16497	IV260601075	SO-26061374	46.73	1803.74	1757.01	1803.74
16502	IV260601076	SO-26061375	45.8	1877.56	1831.76	1877.56
16503	IV260601077	SO-26061377	46.73	1170.10	1123.37	1170.10
16507	IV260601079	SO-26061379	51.4	1057.94	1006.54	1057.94
16509	IV260601080	SO-26061380	45.79	6185.98	6140.19	6185.98
16511	IV260601081	SO-26061385	45.79	330.84	285.05	330.84
16512	IV260601082	SO-26061386	51.4	1322.43	1271.03	1322.43
16514	IV260601083	SO-26061372	93.46	4738.32	4644.86	4738.32
16516	IV260601084	SO-26061258	140.19	5060.19	4920.00	5060.19
16519	IV260601085	SO-26061312	93.46	7710.27	7616.81	7710.27
16521	IV260601086	SO-26061364	93.46	6682.22	6588.76	6682.22
16523	IV260601087	SO-26061316	186.91	9484.10	9297.19	9484.10
16524	IV260601088	SO-26061327	186.92	5766.36	5579.44	5766.36
16526	IV260601089	SO-26061363	93.46	4738.32	4644.86	4738.32
16528	IV260601090	SO-26061378	45.81	6428.97	6383.16	6428.97
16531	IV260601091	SO-26061319	93.46	6557.01	6463.55	6557.01
16532	IV260601092	SO-0240870	12400	0.00	-12400.00	0.00
16585	IV260601112	SO-26061439	560.75	560.75	0.00	560.75
16586	IV260601113	SO-26061440	56.08	56.08	0.00	56.08
16779	IV260601124	SO-26061468	46.73	224.30	177.57	224.30
16781	IV260601125	SO-26061467	46.73	224.30	177.57	224.30
16782	IV260601126	SO-26061466	65.42	1420.56	1355.14	1420.56
16784	IV260601127	SO-26061462	46.73	271.03	224.30	271.03
16785	IV260601128	SO-26061464	56.07	733.65	677.58	733.65
16789	IV260601130	SO-26061469	280.37	4205.63	3925.26	4205.63
16792	IV260601131	SO-26061471	45.79	877.57	831.78	877.57
16793	IV260601132	SO-26061461	45.8	466.36	420.56	466.36
16794	IV260601133	SO-26061453	45.8	1709.36	1663.56	1709.36
16795	IV260601134	SO-26061460	186.92	3168.22	2981.30	3168.22
16814	IV260601148	SO-26061454	280.38	4000.00	3719.62	4000.00
16815	IV260601149	SO-26061442	981.31	1439.25	457.94	1439.25
16821	IV260601152	SO-26061450	45.8	3774.77	3728.97	3774.77
16823	IV260601153	SO-26061437	93.46	1018.69	925.23	1018.69
16825	IV260601154	SO-26061451	93.45	1439.25	1345.80	1439.25
17132	IV260601164	SO-26061476	93.45	2130.84	2037.39	2130.84
17134	IV260601165	SO-26061472	467.31	3626.17	3158.86	3626.17
17143	IV260601168	SO-26061484	93.45	1579.44	1485.99	1579.44
17558	IV260601221	SO-26061517	93.45	1738.32	1644.87	1738.32
17559	IV260601222	SO-26061652	93.45	2383.18	2289.73	2383.18
17560	IV260601223	SO-26061653	46.73	401.87	355.14	401.87
17561	IV260601224	SO-26061655	56.07	733.65	677.58	733.65
17562	IV260601225	SO-26061662	65.42	1420.56	1355.14	1420.56
17563	IV260601226	SO-26061664	65.42	1425.23	1359.81	1425.23
17564	IV260601227	SO-26061665	56.07	733.65	677.58	733.65
17567	IV260601230	SO-26061622	74.77	1271.03	1196.26	1271.03
17568	IV260601231	SO-26061602	93.46	831.78	738.32	831.78
17569	IV260601232	SO-26061511	186.91	14789.72	14602.81	14789.72
17570	IV260601233	SO-26061514	140.19	2000.00	1859.81	2000.00
17571	IV260601234	SO-26061592	93.46	1018.69	925.23	1018.69
17572	IV260601235	SO-26061593	93.46	1186.92	1093.46	1186.92
17573	IV260601236	SO-26061505	140.18	3392.52	3252.34	3392.52
17574	IV260601237	SO-26061594	93.46	1747.67	1654.21	1747.67
17575	IV260601238	SO-26061595	93.46	1439.26	1345.80	1439.26
17576	IV260601239	SO-26061596	93.46	831.78	738.32	831.78
17583	IV260601244	SO-26061504	46.73	1218.69	1171.96	1218.69
17584	IV260601245	SO-26061502	51.4	1714.95	1663.55	1714.95
17585	IV260601246	SO-26061501	45.79	6185.98	6140.19	6185.98
17586	IV260601247	SO-26061498	45.79	1148.60	1102.81	1148.60
17587	IV260601248	SO-26061500	27.1	363.55	336.45	363.55
17588	IV260601249	SO-26061586	51.4	1350.47	1299.07	1350.47
17589	IV260601250	SO-26061589	45.79	1260.74	1214.95	1260.74
17590	IV260601251	SO-26061587	51.4	1322.43	1271.03	1322.43
17591	IV260601252	SO-26061591	46.73	962.62	915.89	962.62
17592	IV260601253	SO-26061590	45.8	886.92	841.12	886.92
17594	IV260601255	SO-26061588	51.4	3920.56	3869.16	3920.56
17595	IV260601256	SO-26061598	51.4	1350.47	1299.07	1350.47
17596	IV260601257	SO-26061597	74.79	2028.05	1953.26	2028.05
17597	IV260601258	SO-26061344	186.92	6149.54	5962.62	6149.54
17600	IV260601261	SO-26061487	45.79	1700.00	1654.21	1700.00
17601	IV260601262	SO-26061538	93.45	1392.52	1299.07	1392.52
17603	IV260601263	SO-26061539	93.46	7469.16	7375.70	7469.16
17604	IV260601264	SO-26061581	46.73	1768.23	1721.50	1768.23
17605	IV260601265	SO-26061582	51.4	1714.95	1663.55	1714.95
17606	IV260601266	SO-26061583	51.4	2612.14	2560.74	2612.14
17607	IV260601267	SO-26061585	51.4	1057.94	1006.54	1057.94
17608	IV260601268	SO-26061584	51.4	1015.89	964.49	1015.89
17609	IV260601269	SO-26061604	93.46	887.86	794.40	887.86
17610	IV260601270	SO-26061616	45.79	410.28	364.49	410.28
17611	IV260601271	SO-26061621	46.72	1768.22	1721.50	1768.22
17614	IV260601274	SO-26061516	121.5	2364.50	2243.00	2364.50
17615	IV260601275	SO-26061518	140.19	5355.15	5214.96	5355.15
17617	IV260601276	SO-26061520	280.37	1789.72	1509.35	1789.72
17618	IV260601277	SO-26061658	46.73	1514.02	1467.29	1514.02
17620	IV260601279	SO-26061510	140.18	3953.27	3813.09	3953.27
17621	IV260601280	SO-26061540	140.19	7588.79	7448.60	7588.79
17623	IV260601282	SO-26061654	93.46	1933.65	1840.19	1933.65
17624	IV260601283	SO-26061657	93.46	831.78	738.32	831.78
17629	IV260601288	SO-26061530	607.48	607.48	0.00	607.48
17630	IV260601289	SO-26061521	841.12	841.12	0.00	841.12
17631	IV260601290	SO-26061488	128.27	128.27	0.00	128.27
17632	IV260601291	SO-26061214	3675	3675.00	0.00	3675.00
17633	IV260601292	SO-26061213	110519.39	110519.39	0.00	110519.39
17642	IV260601240	SO-26061489	112.15	1514.02	1401.87	1514.02
17645	IV260601228	SO-26061673	46.73	401.87	355.14	401.87
17646	IV260601272	SO-26061524	934.58	1401.87	467.29	1401.87
17648	IV260600955	SO-26061269	280.37	7280.37	7000.00	7280.37
17656	IV260601023	SO-0231810	390570	0.00	-390570.00	0.00
17660	IV260601078	SO-26061376	46.73	1803.74	1757.01	1803.74
17668	IV260600813	SO-26061127	56.08	299.07	242.99	299.07
17669	IV260600807	SO-26061165	93.45	1887.85	1794.40	1887.85
17673	IV260600948	SO-26061247	186.91	9878.49	9691.58	9878.49
17747	IV260601326	SO-26061794	2048.52	2048.52	0.00	2048.52
17771	IV260601345	SO-26061506	93.45	5168.22	5074.77	5168.22
17803	IV260601369	SO-26061802	22533.72	22533.72	0.00	22533.72
17804	IV260601370	SO-26061808	10000	10000.00	0.00	10000.00
17871	IV260601407	SO-26061821	56.08	495.33	439.25	495.33
17873	IV260601409	SO-26061806	51.4	1224.30	1172.90	1224.30
17874	IV260601410	SO-26061793	280.38	5476.64	5196.26	5476.64
17876	IV260601412	SO-26061815	56.08	299.07	242.99	299.07
17877	IV260601413	SO-26061703	93.46	1186.92	1093.46	1186.92
17878	IV260601414	SO-26061777	93.45	1925.22	1831.77	1925.22
17879	IV260601415	SO-26061611	93.46	2299.07	2205.61	2299.07
17880	IV260601416	SO-26061760	51.4	1015.89	964.49	1015.89
17883	IV260601419	SO-26061775	51.4	3758.88	3707.48	3758.88
17897	IV260601433	SO-26061772	46.73	1514.02	1467.29	1514.02
17898	IV260601434	SO-26061792	140.19	3598.15	3457.96	3598.15
17899	IV260601435	SO-26061763	93.46	831.78	738.32	831.78
17900	IV260601436	SO-26061762	93.46	1383.18	1289.72	1383.18
17901	IV260601437	SO-26061761	186.92	5766.36	5579.44	5766.36
17930	IV260601444	SO-26061830	93.46	1654.21	1560.75	1654.21
17938	IV260601406	SO-26060503	160480	0.00	-160480.00	0.00
17976	IV260601452	SO-26061537	372.91	10153.27	9780.36	10153.27
17980	IV260601455	SO-26061882	93.46	1571.96	1478.50	1571.96
17982	IV260601456	SO-26061888	186.92	7654.21	7467.29	7654.21
17983	IV260601457	SO-26061879	186.92	841.12	654.20	841.12
17984	IV260601458	SO-26061905	140.19	7336.45	7196.26	7336.45
17986	IV260601459	SO-26061902	51.4	1528.04	1476.64	1528.04
17987	IV260601460	SO-26061876	45.79	690.65	644.86	690.65
17988	IV260601461	SO-26061885	45.8	746.73	700.93	746.73
17990	IV260601463	SO-26061889	467.29	588.79	121.50	588.79
17991	IV260601464	SO-26061689	934.58	1018.69	84.11	1018.69
17993	IV260601466	SO-26061893	140.19	4065.42	3925.23	4065.42
17994	IV260601467	SO-26061891	93.45	1579.44	1485.99	1579.44
17995	IV260601468	SO-26061886	46.73	280.38	233.65	280.38
17996	IV260601469	SO-26061878	93.45	1401.87	1308.42	1401.87
17998	IV260601471	SO-26061874	56.08	542.06	485.98	542.06
18003	IV260601476	SO-26061860	93.46	1517.76	1424.30	1517.76
18004	IV260601477	SO-26061861	93.46	831.78	738.32	831.78
18005	IV260601478	SO-26061848	93.46	831.78	738.32	831.78
18006	IV260601479	SO-26061850	93.46	10454.22	10360.76	10454.22
18007	IV260601480	SO-26061853	93.46	8155.14	8061.68	8155.14
18008	IV260601481	SO-26061841	46.73	1537.39	1490.66	1537.39
18009	IV260601482	SO-26061843	46.73	2271.03	2224.30	2271.03
18011	IV260601484	SO-26061847	45.8	2802.80	2757.00	2802.80
18012	IV260601485	SO-26061869	55.14	1462.62	1407.48	1462.62
18013	IV260601486	SO-26061868	46.73	1915.89	1869.16	1915.89
18014	IV260601487	SO-26061842	46.73	2336.45	2289.72	2336.45
18015	IV260601488	SO-26061865	45.8	466.36	420.56	466.36
18016	IV260601489	SO-26061858	51.4	1224.30	1172.90	1224.30
18017	IV260601490	SO-26061859	45.79	1896.26	1850.47	1896.26
18018	IV260601491	SO-26061757	186.92	6028.97	5842.05	6028.97
18019	IV260601492	SO-26061856	186.92	11000.00	10813.08	11000.00
18021	IV260601493	SO-26061855	280.37	8018.69	7738.32	8018.69
18022	IV260601494	SO-26061846	93.46	2231.78	2138.32	2231.78
18024	IV260601495	SO-26061851	186.92	9136.45	8949.53	9136.45
18026	IV260601496	SO-26061852	186.93	12467.29	12280.36	12467.29
18027	IV260601497	SO-26061844	93.46	1553.27	1459.81	1553.27
18029	IV260601498	SO-26061845	93.46	1571.96	1478.50	1571.96
18030	IV260601499	SO-26061835	45.79	223.36	177.57	223.36
18032	IV260601501	SO-26061826	51.41	3626.17	3574.76	3626.17
18033	IV260601502	SO-26061875	93.45	10768.22	10674.77	10768.22
18034	IV260601503	SO-26061871	51.41	1054.21	1002.80	1054.21
18038	IV260601507	SO-26061910	65.42	2158.88	2093.46	2158.88
18039	IV260601508	SO-26061911	93.46	1401.87	1308.41	1401.87
18040	IV260601509	SO-26061907	56.08	233.65	177.57	233.65
18042	IV260601511	SO-26061901	93.45	2140.19	2046.74	2140.19
18043	IV260601512	SO-26061884	56.07	785.05	728.98	785.05
18088	IV260601538	SO-26061991	280.38	1640.19	1359.81	1640.19
18089	IV260601539	SO-26061995	93.46	3791.59	3698.13	3791.59
18091	IV260601541	SO-26061993	51.4	1242.99	1191.59	1242.99
18092	IV260601542	SO-26061992	45.8	1111.22	1065.42	1111.22
18093	IV260601543	SO-26061989	1448.6	8785.05	7336.45	8785.05
18100	IV260601550	SO-26061955	45.79	1260.74	1214.95	1260.74
18101	IV260601551	SO-26061980	46.73	1255.14	1208.41	1255.14
18103	IV260601553	SO-26061961	27.1	363.55	336.45	363.55
18104	IV260601554	SO-26061962	45.79	877.57	831.78	877.57
18105	IV260601555	SO-26061964	45.79	351.40	305.61	351.40
18106	IV260601556	SO-26061965	45.79	410.28	364.49	410.28
18107	IV260601557	SO-26061969	51.41	3083.18	3031.77	3083.18
18108	IV260601558	SO-26061974	51.4	2434.58	2383.18	2434.58
18109	IV260601559	SO-26061975	46.73	682.24	635.51	682.24
18110	IV260601560	SO-26061922	46.73	3192.52	3145.79	3192.52
18111	IV260601561	SO-26061924	74.77	1271.03	1196.26	1271.03
18112	IV260601562	SO-26061948	51.4	978.50	927.10	978.50
18113	IV260601563	SO-26061956	46.73	598.13	551.40	598.13
18114	IV260601564	SO-26061954	93.46	1299.07	1205.61	1299.07
18115	IV260601565	SO-26061952	93.46	1299.07	1205.61	1299.07
18116	IV260601566	SO-26061953	93.46	1299.07	1205.61	1299.07
18117	IV260601567	SO-26061949	45.8	914.02	868.22	914.02
18118	IV260601568	SO-26061947	93.46	831.78	738.32	831.78
18119	IV260601569	SO-26061923	93.46	3028.04	2934.58	3028.04
18120	IV260601570	SO-26061920	140.19	6579.44	6439.25	6579.44
18121	IV260601571	SO-26061973	93.46	3028.04	2934.58	3028.04
18122	IV260601572	SO-26061972	93.46	1672.90	1579.44	1672.90
18123	IV260601573	SO-26061967	93.46	831.78	738.32	831.78
18124	IV260601574	SO-26061978	186.92	2507.48	2320.56	2507.48
18125	IV260601575	SO-26061945	140.19	6981.31	6841.12	6981.31
18126	IV260601576	SO-26061946	186.91	12814.95	12628.04	12814.95
18127	IV260601577	SO-26061915	93.46	3334.58	3241.12	3334.58
18128	IV260601578	SO-26060764	93.46	3813.08	3719.62	3813.08
18129	IV260601579	SO-26061930	93.45	1401.87	1308.42	1401.87
18130	IV260601580	SO-26061985	280.37	4018.69	3738.32	4018.69
18131	IV260601581	SO-26061981	93.45	1401.87	1308.42	1401.87
18342	IV260601591	SO-26061970	93.46	1377.57	1284.11	1377.57
18344	IV260601592	SO-26061921	93.45	4084.11	3990.66	4084.11
18345	IV260601593	SO-26061966	140.19	3411.22	3271.03	3411.22
18346	IV260601594	SO-26061957	140.19	3252.34	3112.15	3252.34
18349	IV260601596	SO-26061213	99600	0.00	-99600.00	0.00
18378	CN2606008	SO-0239728	46.74	4247.67	4200.93	4247.67
18392	CN2606010	SO-0236891	93.46	1654.21	1560.75	1654.21
18394	CN2606012	SO-0239761	93.46	5677.57	5584.11	5677.57
18398	CN2606019	SO-0240663	93.46	6392.52	6299.06	6392.52
18402	CN2606016		2000	3671.00	1671.00	3671.00
18434	IV260601420	SO-26061774	45.8	952.34	906.54	952.34
18480	IV260601623	SO-26061839	23005	23005.00	0.00	23005.00
18488	IV260601625	SO-26061839	11185	0.00	-11185.00	0.00
18497	IV260601630	SO-26062025	140.19	1084.11	943.92	1084.11
18499	IV260601631	SO-26062158	56.08	733.65	677.57	733.65
18500	IV260601632	SO-26062155	280.38	1859.81	1579.43	1859.81
18501	IV260601633	SO-26062135	560.75	7560.75	7000.00	7560.75
18503	IV260601635	SO-26062162	140.19	2710.28	2570.09	2710.28
18504	IV260601636	SO-26062160	186.92	1766.36	1579.44	1766.36
18507	IV260601638	SO-26062073	46.73	1822.43	1775.70	1822.43
18508	IV260601639	SO-26062167	46.73	1748.60	1701.87	1748.60
18510	IV260601640	SO-26062008	186.92	1495.33	1308.41	1495.33
18511	IV260601641	SO-26062009	140.19	841.12	700.93	841.12
18512	IV260601642	SO-26062029	93.46	1401.87	1308.41	1401.87
18517	IV260601645	SO-26062015	93.46	1205.61	1112.15	1205.61
18518	IV260601646	SO-26062024	186.92	4831.78	4644.86	4831.78
18522	IV260601649	SO-26062076	186.92	8060.75	7873.83	8060.75
18523	IV260601650	SO-26062074	93.46	831.78	738.32	831.78
18524	IV260601651	SO-26062075	140.19	7000.00	6859.81	7000.00
18526	IV260601653	SO-26062085	51.4	1293.46	1242.06	1293.46
18528	IV260601655	SO-26062072	51.4	978.50	927.10	978.50
18530	IV260601657	SO-26062071	46.73	1748.60	1701.87	1748.60
18531	IV260601658	SO-26062070	46.73	1915.89	1869.16	1915.89
18532	IV260601659	SO-26062067	46.73	1915.89	1869.16	1915.89
18534	IV260601660	SO-26062068	45.8	466.36	420.56	466.36
18535	IV260601661	SO-26062069	46.73	841.12	794.39	841.12
18536	IV260601662	SO-26062066	46.73	841.12	794.39	841.12
18537	IV260601663	SO-26062065	51.4	1546.73	1495.33	1546.73
18538	IV260601664	SO-26062064	45.8	466.36	420.56	466.36
18539	IV260601665	SO-26062063	27.1	363.55	336.45	363.55
18540	IV260601666	SO-26062062	51.4	1546.73	1495.33	1546.73
18541	IV260601667	SO-26062084	93.46	2719.63	2626.17	2719.63
18542	IV260601668	SO-26062091	140.19	6690.65	6550.46	6690.65
18543	IV260601669	SO-26062078	93.46	1579.44	1485.98	1579.44
18544	IV260601670	SO-26062089	93.46	4102.81	4009.35	4102.81
18545	IV260601671	SO-26062081	93.44	4772.90	4679.46	4772.90
18546	IV260601672	SO-26062087	140.19	7420.56	7280.37	7420.56
18547	IV260601673	SO-26062086	46.74	3207.48	3160.74	3207.48
18548	IV260601674	SO-26062077	93.46	831.78	738.32	831.78
18549	IV260601675	SO-26062080	93.46	831.78	738.32	831.78
18551	IV260601677	SO-26062005	27.1	363.55	336.45	363.55
18553	IV260601678	SO-26062013	45.79	1055.14	1009.35	1055.14
18554	IV260601679	SO-26062016	45.8	2288.79	2242.99	2288.79
18555	IV260601680	SO-26062018	45.8	971.03	925.23	971.03
18556	IV260601681	SO-26062020	51.4	3928.97	3877.57	3928.97
18557	IV260601682	SO-26062021	51.4	1293.46	1242.06	1293.46
18558	IV260601683	SO-26062022	45.79	382.24	336.45	382.24
18559	IV260601684	SO-26062023	93.46	10841.12	10747.66	10841.12
18560	IV260601685	SO-26062133	93.46	1385.98	1292.52	1385.98
18561	IV260601686	SO-26062131	51.4	1016.82	965.42	1016.82
18562	IV260601687	SO-26062130	46.73	1255.14	1208.41	1255.14
18563	IV260601688	SO-26062128	140.18	6906.54	6766.36	6906.54
18564	IV260601689	SO-26062115	186.92	5785.05	5598.13	5785.05
18565	IV260601690	SO-26062017	93.46	1517.76	1424.30	1517.76
18570	IV260601693	SO-26062106	93.46	1162.62	1069.16	1162.62
18571	IV260601694	SO-26062019	45.8	376.64	330.84	376.64
18572	IV260601695	SO-26062031	186.92	5785.05	5598.13	5785.05
18579	IV260601701	SO-26062156	467.29	1943.93	1476.64	1943.93
18591	IV260601709	SO-26062149	93.46	4102.81	4009.35	4102.81
18681	IV260601779	SO-26062097	93.46	1205.61	1112.15	1205.61
18682	IV260601780	SO-26062112	93.46	831.78	738.32	831.78
18683	IV260601781	SO-26062014	93.46	1205.61	1112.15	1205.61
18684	IV260601782	SO-26062166	140.18	6906.54	6766.36	6906.54
18685	IV260601783	SO-26061446	280.38	9948.60	9668.22	9948.60
18686	IV260601784	SO-26062196	27.1	700.00	672.90	700.00
18687	IV260601785	SO-26062198	45.79	1055.14	1009.35	1055.14
18691	IV260601789	SO-26062200	45.8	231.78	185.98	231.78
18692	IV260601790	SO-26062202	45.8	231.78	185.98	231.78
18693	IV260601791	SO-26062209	45.8	231.78	185.98	231.78
18694	IV260601792	SO-26062217	51.4	1546.73	1495.33	1546.73
18696	IV260601794	SO-26062204	93.46	1672.90	1579.44	1672.90
18700	IV260601798	SO-26062191	280.38	383.18	102.80	383.18
18701	IV260601799	SO-26062096	280.38	1397.20	1116.82	1397.20
18702	IV260601800	SO-26062188	56.08	542.06	485.98	542.06
18704	IV260601802	SO-26062229	45.79	1120.56	1074.77	1120.56
18705	IV260601803	SO-26062226	51.4	1546.73	1495.33	1546.73
18708	IV260601805	SO-26062232	140.19	8074.77	7934.58	8074.77
18711	IV260601808	SO-26062259	93.45	1401.87	1308.42	1401.87
18712	IV260601809	SO-26062256	280.38	1859.81	1579.43	1859.81
18715	IV260601812	SO-26062231	186.91	12845.79	12658.88	12845.79
18734	IV260601831	SO-26062252	94	944.00	850.00	944.00
18736	IV260601833	SO-26061840	140.19	6981.31	6841.12	6981.31
18739	IV260601836	SO-26062268	140.19	6981.31	6841.12	6981.31
18740	IV260601837	SO-26062004	140.19	6981.31	6841.12	6981.31
18741	IV260601838	SO-26062264	140.19	560.75	420.56	560.75
18742	IV260601839	SO-26062267	93.46	10841.12	10747.66	10841.12
18743	IV260601840	SO-26062265	45.79	251.40	205.61	251.40
18745	IV260601841	SO-26061867	18800	0.00	-18800.00	0.00
18757	CN2606031	SO-26050615	93.46	738.32	644.86	738.32
18778	CN2606028		93.46	738.32	644.86	738.32
18784	CN2606030	SO-26060154	140.19	8453.27	8313.08	8453.27
18799	CN2606037	POS0023059	16822.44	16822.44	0.00	16822.44
18920	IV260601786	SO-26062197	46.72	1167.28	1120.56	1167.28
19159	IV260601336	SO-26061713	140.19	3392.53	3252.34	3392.53
19160	IV260601337	SO-26061697	140.19	4429.91	4289.72	4429.91
19161	IV260601338	SO-26061698	93.46	1467.29	1373.83	1467.29
19162	IV260601339	SO-26061699	93.46	831.78	738.32	831.78
19163	IV260601340	SO-26061714	45.8	1129.90	1084.10	1129.90
19164	IV260601341	SO-26061696	51.4	2668.22	2616.82	2668.22
19165	IV260601342	SO-26061700	51.4	1154.21	1102.81	1154.21
19166	IV260601343	SO-26061701	46.73	1330.84	1284.11	1330.84
19167	IV260601344	SO-26061499	140.19	8121.50	7981.31	8121.50
19168	IV260601346	SO-26061507	93.46	1654.21	1560.75	1654.21
19171	IV260601348	SO-26061603	93.45	1559.81	1466.36	1559.81
19173	IV260601349	SO-26061609	140.19	6299.07	6158.88	6299.07
19174	IV260601350	SO-26061613	186.92	4672.90	4485.98	4672.90
19175	IV260601351	SO-26061677	93.46	831.78	738.32	831.78
19176	IV260601352	SO-26061707	140.19	6981.31	6841.12	6981.31
19177	IV260601355	SO-26061748	121.5	4214.96	4093.46	4214.96
19179	IV260601356	SO-26061214	3675	8575.00	4900.00	8575.00
19180	IV260601357	SO-26061749	46.74	747.66	700.92	747.66
19181	IV260601358	SO-26061736	46.73	598.13	551.40	598.13
19182	IV260601359	SO-26061733	140.18	3392.52	3252.34	3392.52
19183	IV260601360	SO-26061747	51.41	1999.06	1947.65	1999.06
19184	IV260601361	SO-26061738	46.73	383.18	336.45	383.18
19185	IV260601362	SO-26061743	140.19	2523.36	2383.17	2523.36
19186	IV260601363	SO-26061740	93.45	1943.93	1850.48	1943.93
19187	IV260601364	SO-26061746	280.38	1859.81	1579.43	1859.81
19373	IV260601844	SO-26062175	1168.22	1168.22	0.00	1168.22
19416	IV260601378	SO-26060503	191840	191840.00	0.00	191840.00
19417	IV260601401	SO-26061693	280.37	280.37	0.00	280.37
(1155 rows)
